--
-- PostgreSQL database dump
--

-- Dumped from database version 15.0 (Debian 15.0-1.pgdg110+1)
-- Dumped by pg_dump version 16.1

SET statement_timeout = 0;
SET lock_timeout = 0;
SET idle_in_transaction_session_timeout = 0;
SET client_encoding = 'UTF8';
SET standard_conforming_strings = on;
SELECT pg_catalog.set_config('search_path', '', false);
SET check_function_bodies = false;
SET xmloption = content;
SET client_min_messages = warning;
SET row_security = off;

SET default_tablespace = '';

SET default_table_access_method = heap;

--
-- Name: Configurations; Type: TABLE; Schema: public; Owner: stock-automation
--

CREATE TABLE IF NOT EXISTS public."Configurations" (
    "Id" integer NOT NULL,
    "OutputFormat" integer DEFAULT 0 NOT NULL
);


ALTER TABLE public."Configurations" OWNER TO "stock-automation";

--
-- Name: Configurations_Id_seq; Type: SEQUENCE; Schema: public; Owner: stock-automation
--

ALTER TABLE public."Configurations" ALTER COLUMN "Id" ADD GENERATED BY DEFAULT AS IDENTITY (
    SEQUENCE NAME public."Configurations_Id_seq"
    START WITH 1
    INCREMENT BY 1
    NO MINVALUE
    NO MAXVALUE
    CACHE 1
);


--
-- Name: HoldingSnapshotLines; Type: TABLE; Schema: public; Owner: stock-automation
--

CREATE TABLE public."HoldingSnapshotLines" (
    "Id" integer NOT NULL,
    "Date" timestamp without time zone NOT NULL,
    "Fund" text NOT NULL,
    "CompanyName" text NOT NULL,
    "Ticker" text NOT NULL,
    "Cusip" text NOT NULL,
    "Shares" numeric NOT NULL,
    "MarketValueUsd" numeric NOT NULL,
    "Weight" numeric NOT NULL,
    "HoldingSnapshotId" integer NOT NULL
);


ALTER TABLE public."HoldingSnapshotLines" OWNER TO "stock-automation";

--
-- Name: HoldingSnapshotLines_Id_seq; Type: SEQUENCE; Schema: public; Owner: stock-automation
--

ALTER TABLE public."HoldingSnapshotLines" ALTER COLUMN "Id" ADD GENERATED BY DEFAULT AS IDENTITY (
    SEQUENCE NAME public."HoldingSnapshotLines_Id_seq"
    START WITH 1
    INCREMENT BY 1
    NO MINVALUE
    NO MAXVALUE
    CACHE 1
);


--
-- Name: HoldingSnapshots; Type: TABLE; Schema: public; Owner: stock-automation
--

CREATE TABLE public."HoldingSnapshots" (
    "Id" integer NOT NULL,
    "DownloadedAt" timestamp without time zone NOT NULL
);


ALTER TABLE public."HoldingSnapshots" OWNER TO "stock-automation";

--
-- Name: HoldingSnapshots_Id_seq; Type: SEQUENCE; Schema: public; Owner: stock-automation
--

ALTER TABLE public."HoldingSnapshots" ALTER COLUMN "Id" ADD GENERATED BY DEFAULT AS IDENTITY (
    SEQUENCE NAME public."HoldingSnapshots_Id_seq"
    START WITH 1
    INCREMENT BY 1
    NO MINVALUE
    NO MAXVALUE
    CACHE 1
);


--
-- Name: Subscribers; Type: TABLE; Schema: public; Owner: stock-automation
--

CREATE TABLE public."Subscribers" (
    "Id" integer NOT NULL,
    "EmailAddress" text NOT NULL
);


ALTER TABLE public."Subscribers" OWNER TO "stock-automation";

--
-- Name: Subscribers_Id_seq; Type: SEQUENCE; Schema: public; Owner: stock-automation
--

ALTER TABLE public."Subscribers" ALTER COLUMN "Id" ADD GENERATED BY DEFAULT AS IDENTITY (
    SEQUENCE NAME public."Subscribers_Id_seq"
    START WITH 1
    INCREMENT BY 1
    NO MINVALUE
    NO MAXVALUE
    CACHE 1
);


--
-- Name: __EFMigrationsHistory; Type: TABLE; Schema: public; Owner: stock-automation
--

CREATE TABLE public."__EFMigrationsHistory" (
    "MigrationId" character varying(150) NOT NULL,
    "ProductVersion" character varying(32) NOT NULL
);


ALTER TABLE public."__EFMigrationsHistory" OWNER TO "stock-automation";

--
-- Data for Name: Configurations; Type: TABLE DATA; Schema: public; Owner: stock-automation
--

COPY public."Configurations" ("Id", "OutputFormat") FROM stdin;
6	0
\.


--
-- Data for Name: HoldingSnapshotLines; Type: TABLE DATA; Schema: public; Owner: stock-automation
--

COPY public."HoldingSnapshotLines" ("Id", "Date", "Fund", "CompanyName", "Ticker", "Cusip", "Shares", "MarketValueUsd", "Weight", "HoldingSnapshotId") FROM stdin;
637	2024-05-01 00:00:00	ARKK	ROKU INC	ROKU	77543R102	9392871	541592941.86	0.0848	18
638	2024-05-01 00:00:00	ARKK	COINBASE GLOBAL INC -CLASS A	COIN	19260Q107	2596603	529525249.79	0.083	18
639	2024-05-01 00:00:00	ARKK	BLOCK INC	SQ	852234103	5909867	431420291.00	0.0676	18
640	2024-05-01 00:00:00	ARKK	UIPATH INC - CLASS A	PATH	90364P105	18842850	357448864.50	0.056	18
641	2024-05-01 00:00:00	ARKK	CRISPR THERAPEUTICS AG	CRSP	H17182108	5525191	292779871.09	0.0459	18
642	2024-05-01 00:00:00	ARKK	ROBLOX CORP -CLASS A	RBLX	771049103	8003331	284598450.36	0.0446	18
643	2024-05-01 00:00:00	ARKK	ROBINHOOD MARKETS INC - A	HOOD	770700102	15319956	252626074.44	0.0396	18
644	2024-05-01 00:00:00	ARKK	ZOOM VIDEO COMMUNICATIONS-A	ZM	98980L101	4098748	250433502.80	0.0392	18
645	2024-05-01 00:00:00	ARKK	UNITY SOFTWARE INC	U	91332U101	9088750	220583962.50	0.0346	18
646	2024-05-01 00:00:00	ARKK	PALANTIR TECHNOLOGIES INC-A	PLTR	69608A108	8605401	189060659.97	0.0296	18
647	2024-05-01 00:00:00	ARKK	SHOPIFY INC - CLASS A	SHOP	82509L107	2686540	188595108.00	0.0295	18
648	2024-05-01 00:00:00	ARKK	DRAFTKINGS INC-CL A	DKNG UW	26142V105	4013817	166814234.52	0.0261	18
649	2024-05-01 00:00:00	ARKK	INTELLIA THERAPEUTICS INC	NTLA	45826J105	7340925	157095795.00	0.0246	18
650	2024-05-01 00:00:00	ARKK	PAGERDUTY INC	PD	69553P100	7012374	139966985.04	0.0219	18
651	2024-05-01 00:00:00	ARKK	10X GENOMICS INC-CLASS A	TXG	88025U109	4529242	132616205.76	0.0208	18
652	2024-05-01 00:00:00	ARKK	META PLATFORMS INC-CLASS A	META	30303M102	281785	121215453.45	0.019	18
653	2024-05-01 00:00:00	ARKK	TRADE DESK INC/THE -CLASS A	TTD	88339J105	1451961	120294968.85	0.0188	18
655	2024-05-01 00:00:00	ARKK	TWIST BIOSCIENCE CORP	TWST	90184D100	3781321	118090654.83	0.0185	18
656	2024-05-01 00:00:00	ARKK	RECURSION PHARMACEUTICALS-A	RXRX	75629V104	14586941	114069878.62	0.0179	18
657	2024-05-01 00:00:00	ARKK	BEAM THERAPEUTICS INC	BEAM	07373V105	5359114	113720399.08	0.0178	18
658	2024-05-01 00:00:00	ARKK	GINKGO BIOWORKS HOLDINGS INC	DNA	37611X100	117488798	104694267.90	0.0164	18
659	2024-05-01 00:00:00	ARKK	TERADYNE INC	TER	880770102	851599	99057995.68	0.0155	18
660	2024-05-01 00:00:00	ARKK	PINTEREST INC- CLASS A	PINS	72352L106	2814889	94158037.05	0.0148	18
661	2024-05-01 00:00:00	ARKK	EXACT SCIENCES CORP	EXAS	30063P105	1564422	92848445.70	0.0145	18
662	2024-05-01 00:00:00	ARKK	MODERNA INC	MRNA	60770K107	708409	78144596.79	0.0122	18
663	2024-05-01 00:00:00	ARKK	VERACYTE INC	VCYT	92337F107	3940569	77116935.33	0.0121	18
664	2024-05-01 00:00:00	ARKK	SOFI TECHNOLOGIES INC	SOFI	83406F102	9407610	63783595.80	0.01	18
665	2024-05-01 00:00:00	ARKK	ARCHER AVIATION INC-A	ACHR	03945R102	16503470	64033463.60	0.01	18
666	2024-05-01 00:00:00	ARKK	PACIFIC BIOSCIENCES OF CALIF	PACB	69404D108	19338796	31909013.40	0.005	18
667	2024-05-01 00:00:00	ARKK	CERUS CORP	CERS	157085101	11388944	19019536.48	0.003	18
668	2024-05-01 00:00:00	ARKK	VERVE THERAPEUTICS INC	VERV	92539P101	2780819	16712722.19	0.0026	18
669	2024-05-01 00:00:00	ARKK	NATERA INC	NTRA	632307104	179986	16717099.68	0.0026	18
670	2024-05-01 00:00:00	ARKK	PRIME MEDICINE INC	PRME	74168J101	2491779	12259552.68	0.0019	18
671	2024-05-01 00:00:00	ARKK	2U INC	TWOU	90214J101	173218	42958.06	0.00	18
672	2024-05-01 00:00:00	ARKK	GOLDMAN FS TRSY OBLIG INST 468		X9USDGSFT	133473	133472.56	0.00	18
451	2024-04-26 00:00:00	ARKK	TESLA INC	TSLA	88160R101	4248647	723034746.46	0.112	13
452	2024-04-26 00:00:00	ARKK	COINBASE GLOBAL INC -CLASS A	COIN	19260Q107	2620498	585969557.78	0.0908	13
453	2024-04-26 00:00:00	ARKK	ROKU INC	ROKU	77543R102	8908215	559524984.15	0.0867	13
454	2024-04-26 00:00:00	ARKK	BLOCK INC	SQ	852234103	5964245	434137393.55	0.0672	13
455	2024-04-26 00:00:00	ARKK	UIPATH INC - CLASS A	PATH	90364P105	19016173	369103917.93	0.0572	13
456	2024-04-26 00:00:00	ARKK	CRISPR THERAPEUTICS AG	CRSP	H17182108	5576032	299600199.36	0.0464	13
457	2024-04-26 00:00:00	ARKK	ROBLOX CORP -CLASS A	RBLX	771049103	8076960	286974388.80	0.0445	13
458	2024-04-26 00:00:00	ARKK	ZOOM VIDEO COMMUNICATIONS-A	ZM	98980L101	4506115	275053259.60	0.0426	13
459	2024-04-26 00:00:00	ARKK	ROBINHOOD MARKETS INC - A	HOOD	770700102	15460896	264690539.52	0.041	13
460	2024-04-26 00:00:00	ARKK	UNITY SOFTWARE INC	U	91332U101	9172369	213899645.08	0.0331	13
461	2024-04-26 00:00:00	ARKK	SHOPIFY INC - CLASS A	SHOP	82509L107	2711245	191278334.75	0.0296	13
462	2024-04-26 00:00:00	ARKK	PALANTIR TECHNOLOGIES INC-A	PLTR	69608A108	8684565	188541906.15	0.0292	13
463	2024-04-26 00:00:00	ARKK	DRAFTKINGS INC-CL A	DKNG UW	26142V105	4050753	166445440.77	0.0258	13
464	2024-04-26 00:00:00	ARKK	INTELLIA THERAPEUTICS INC	NTLA	45826J105	7408452	148317209.04	0.023	13
465	2024-04-26 00:00:00	ARKK	PAGERDUTY INC	PD	69553P100	7076877	142952915.40	0.0221	13
466	2024-04-26 00:00:00	ARKK	TELADOC HEALTH INC	TDOC	87918A105	10089604	134494421.32	0.0208	13
654	2024-05-01 00:00:00	ARKK	TELADOC HEALTH INC	TDOC	87918A105	92943837	3118503434.25	0.0186	18
636	2024-05-01 00:00:00	ARKK	TESLA INC	TSLA	88160R101	4209929	77159578.12	0.1209	18
467	2024-04-26 00:00:00	ARKK	10X GENOMICS INC-CLASS A	TXG	88025U109	4570903	122957290.70	0.019	13
468	2024-04-26 00:00:00	ARKK	TRADE DESK INC/THE -CLASS A	TTD	88339J105	1465326	122120268.84	0.0189	13
469	2024-04-26 00:00:00	ARKK	META PLATFORMS INC-CLASS A	META	30303M102	270388	119343855.44	0.0185	13
470	2024-04-26 00:00:00	ARKK	TWIST BIOSCIENCE CORP	TWST	90184D100	3816080	118603766.40	0.0184	13
471	2024-04-26 00:00:00	ARKK	BEAM THERAPEUTICS INC	BEAM	07373V105	5408416	116821785.60	0.0181	13
472	2024-04-26 00:00:00	ARKK	RECURSION PHARMACEUTICALS-A	RXRX	75629V104	14721131	115413667.04	0.0179	13
473	2024-04-26 00:00:00	ARKK	TERADYNE INC	TER	880770102	859429	93600412.39	0.0145	13
474	2024-04-26 00:00:00	ARKK	EXACT SCIENCES CORP	EXAS	30063P105	1578813	92818416.27	0.0144	13
475	2024-04-26 00:00:00	ARKK	PINTEREST INC- CLASS A	PINS	72352L106	2840782	92723124.48	0.0144	13
476	2024-04-26 00:00:00	ARKK	GINKGO BIOWORKS HOLDINGS INC	DNA	37611X100	118569601	92211578.70	0.0143	13
477	2024-04-26 00:00:00	ARKK	VERACYTE INC	VCYT	92337F107	3976830	77468648.40	0.012	13
478	2024-04-26 00:00:00	ARKK	MODERNA INC	MRNA	60770K107	714916	75909780.88	0.0118	13
479	2024-04-26 00:00:00	ARKK	SOFI TECHNOLOGIES INC	SOFI	83406F102	9494172	72060765.48	0.0112	13
480	2024-04-26 00:00:00	ARKK	ARCHER AVIATION INC-A	ACHR	03945R102	16655274	66287990.52	0.0103	13
481	2024-04-26 00:00:00	ARKK	PACIFIC BIOSCIENCES OF CALIF	PACB	69404D108	19516682	26933021.16	0.0042	13
482	2024-04-26 00:00:00	ARKK	CERUS CORP	CERS	157085101	11493714	19539313.80	0.003	13
483	2024-04-26 00:00:00	ARKK	VERVE THERAPEUTICS INC	VERV	92539P101	2806415	17455901.30	0.0027	13
484	2024-04-26 00:00:00	ARKK	NATERA INC	NTRA	632307104	181633	16579460.24	0.0026	13
485	2024-04-26 00:00:00	ARKK	PRIME MEDICINE INC	PRME	74168J101	2514685	10813145.50	0.0017	13
486	2024-04-26 00:00:00	ARKK	GOLDMAN FS TRSY OBLIG INST 468		X9USDGSFT	1484676	1484675.51	0.0002	13
487	2024-04-26 00:00:00	ARKK	2U INC	TWOU	90214J101	2077034	499111.27	0.0001	13
153	2024-04-05 00:00:00	ARKK	COINBASE GLOBAL INC -CLASS A	COIN	19260Q107	2836942	708129092.62	0.0986	5
154	2024-04-05 00:00:00	ARKK	TESLA INC	TSLA	88160R101	4012072	686505639.92	0.0956	5
155	2024-04-05 00:00:00	ARKK	ROKU INC	ROKU	77543R102	8904946	536433947.04	0.0747	5
156	2024-04-05 00:00:00	ARKK	BLOCK INC	SQ	852234103	6314569	471887741.37	0.0657	5
157	2024-04-05 00:00:00	ARKK	UIPATH INC - CLASS A	PATH	90364P105	19529844	416962169.40	0.058	5
158	2024-04-05 00:00:00	ARKK	CRISPR THERAPEUTICS AG	CRSP	H17182108	5726672	372577280.32	0.0519	5
159	2024-04-05 00:00:00	ARKK	ZOOM VIDEO COMMUNICATIONS-A	ZM	98980L101	5003612	316628567.36	0.0441	5
160	2024-04-05 00:00:00	ARKK	ROBINHOOD MARKETS INC - A	HOOD	770700102	16576294	305832624.30	0.0426	5
161	2024-04-05 00:00:00	ARKK	ROBLOX CORP -CLASS A	RBLX	771049103	8239142	303200425.60	0.0422	5
162	2024-04-05 00:00:00	ARKK	UNITY SOFTWARE INC	U	91332U101	9420129	238517666.28	0.0332	5
163	2024-04-05 00:00:00	ARKK	DRAFTKINGS INC-CL A	DKNG UW	26142V105	4650998	211015779.26	0.0294	5
164	2024-04-05 00:00:00	ARKK	SHOPIFY INC - CLASS A	SHOP	82509L107	2784520	208309941.20	0.029	5
165	2024-04-05 00:00:00	ARKK	PALANTIR TECHNOLOGIES INC-A	PLTR	69608A108	8919143	200502334.64	0.0279	5
166	2024-04-05 00:00:00	ARKK	INTELLIA THERAPEUTICS INC	NTLA	45826J105	7608603	189986816.91	0.0264	5
167	2024-04-05 00:00:00	ARKK	PAGERDUTY INC	PD	69553P100	7268050	160623905.00	0.0224	5
168	2024-04-05 00:00:00	ARKK	BEAM THERAPEUTICS INC	BEAM	07373V105	5554467	161246177.01	0.0224	5
169	2024-04-05 00:00:00	ARKK	10X GENOMICS INC-CLASS A	TXG	88025U109	4401911	157324299.14	0.0219	5
170	2024-04-05 00:00:00	ARKK	TELADOC HEALTH INC	TDOC	87918A105	9634770	137295472.50	0.0191	5
171	2024-04-05 00:00:00	ARKK	META PLATFORMS INC-CLASS A	META	30303M102	260322	133003716.24	0.0185	5
172	2024-04-05 00:00:00	ARKK	GINKGO BIOWORKS HOLDINGS INC	DNA	37611X100	121772149	130296199.43	0.0181	5
173	2024-04-05 00:00:00	ARKK	RECURSION PHARMACEUTICALS-A	RXRX	75629V104	14694904	128286511.92	0.0179	5
174	2024-04-05 00:00:00	ARKK	TRADE DESK INC/THE -CLASS A	TTD	88339J105	1504926	127256542.56	0.0177	5
175	2024-04-05 00:00:00	ARKK	TWIST BIOSCIENCE CORP	TWST	90184D100	3801818	121582139.64	0.0169	5
176	2024-04-05 00:00:00	ARKK	EXACT SCIENCES CORP	EXAS	30063P105	1621453	113761142.48	0.0158	5
177	2024-04-05 00:00:00	ARKK	PINTEREST INC- CLASS A	PINS	72352L106	2917549	101151423.83	0.0141	5
178	2024-04-05 00:00:00	ARKK	TERADYNE INC	TER	880770102	882629	93514542.55	0.013	5
179	2024-04-05 00:00:00	ARKK	VERACYTE INC	VCYT	92337F107	4084270	82379725.90	0.0115	5
180	2024-04-05 00:00:00	ARKK	MODERNA INC	MRNA	60770K107	734224	75089088.48	0.0105	5
181	2024-04-05 00:00:00	ARKK	ARCHER AVIATION INC-A	ACHR	03945R102	17105165	73552209.50	0.0102	5
182	2024-04-05 00:00:00	ARKK	SOFI TECHNOLOGIES INC	SOFI	83406F102	9750652	71277266.12	0.0099	5
183	2024-04-05 00:00:00	ARKK	PACIFIC BIOSCIENCES OF CALIF	PACB	69404D108	19507536	64960094.88	0.009	5
184	2024-04-05 00:00:00	ARKK	VERVE THERAPEUTICS INC	VERV	92539P101	2882255	25017973.40	0.0035	5
185	2024-04-05 00:00:00	ARKK	CERUS CORP	CERS	157085101	11804203	22309943.67	0.0031	5
186	2024-04-05 00:00:00	ARKK	NATERA INC	NTRA	632307104	186527	17227633.72	0.0024	5
187	2024-04-05 00:00:00	ARKK	PRIME MEDICINE INC	PRME	74168J101	2582676	14953694.04	0.0021	5
188	2024-04-05 00:00:00	ARKK	GOLDMAN FS TRSY OBLIG INST 468		X9USDGSFT	2311731	2311731.42	0.0003	5
189	2024-04-05 00:00:00	ARKK	2U INC	TWOU	90214J101	5752383	2070857.88	0.0003	5
190	2024-04-05 00:00:00	ARKK	TWILIO INC - A	TWLO	90138F102	11960	719154.80	0.0001	5
191	2024-04-09 00:00:00	ARKK	TESLA INC	TSLA	88160R101	4129696	714354814.08	0.0975	6
192	2024-04-09 00:00:00	ARKK	COINBASE GLOBAL INC -CLASS A	COIN	19260Q107	2780772	714630596.28	0.0975	6
193	2024-04-09 00:00:00	ARKK	ROKU INC	ROKU	77543R102	9052003	550814382.55	0.0752	6
194	2024-04-09 00:00:00	ARKK	BLOCK INC	SQ	852234103	6327025	495722408.75	0.0677	6
195	2024-04-09 00:00:00	ARKK	UIPATH INC - CLASS A	PATH	90364P105	19568364	423655080.60	0.0578	6
196	2024-04-09 00:00:00	ARKK	CRISPR THERAPEUTICS AG	CRSP	H17182108	5737970	367746497.30	0.0502	6
197	2024-04-09 00:00:00	ARKK	ROBLOX CORP -CLASS A	RBLX	771049103	8311482	317664842.04	0.0434	6
198	2024-04-09 00:00:00	ARKK	ZOOM VIDEO COMMUNICATIONS-A	ZM	98980L101	5013482	315899500.82	0.0431	6
199	2024-04-09 00:00:00	ARKK	ROBINHOOD MARKETS INC - A	HOOD	770700102	15909787	295285646.72	0.0403	6
200	2024-04-09 00:00:00	ARKK	UNITY SOFTWARE INC	U	91332U101	9438711	247388615.31	0.0338	6
201	2024-04-09 00:00:00	ARKK	DRAFTKINGS INC-CL A	DKNG UW	26142V105	4660172	212084427.72	0.0289	6
202	2024-04-09 00:00:00	ARKK	SHOPIFY INC - CLASS A	SHOP	82509L107	2790016	207521390.08	0.0283	6
203	2024-04-09 00:00:00	ARKK	PALANTIR TECHNOLOGIES INC-A	PLTR	69608A108	8936735	205544905.00	0.0281	6
204	2024-04-09 00:00:00	ARKK	INTELLIA THERAPEUTICS INC	NTLA	45826J105	7623609	192877307.70	0.0263	6
205	2024-04-09 00:00:00	ARKK	PAGERDUTY INC	PD	69553P100	7282384	164217759.20	0.0224	6
206	2024-04-09 00:00:00	ARKK	10X GENOMICS INC-CLASS A	TXG	88025U109	4429686	161683539.00	0.0221	6
207	2024-04-09 00:00:00	ARKK	BEAM THERAPEUTICS INC	BEAM	07373V105	5565423	160339836.63	0.0219	6
208	2024-04-09 00:00:00	ARKK	TELADOC HEALTH INC	TDOC	87918A105	9724536	142172716.32	0.0194	6
209	2024-04-09 00:00:00	ARKK	GINKGO BIOWORKS HOLDINGS INC	DNA	37611X100	122012319	135433674.09	0.0185	6
210	2024-04-09 00:00:00	ARKK	META PLATFORMS INC-CLASS A	META	30303M102	260832	135437016.00	0.0185	6
211	2024-04-09 00:00:00	ARKK	RECURSION PHARMACEUTICALS-A	RXRX	75629V104	14723890	132515010.00	0.0181	6
212	2024-04-09 00:00:00	ARKK	TRADE DESK INC/THE -CLASS A	TTD	88339J105	1507896	130704425.28	0.0178	6
213	2024-04-09 00:00:00	ARKK	TWIST BIOSCIENCE CORP	TWST	90184D100	3809318	125593214.46	0.0171	6
214	2024-04-09 00:00:00	ARKK	EXACT SCIENCES CORP	EXAS	30063P105	1624651	115886355.83	0.0158	6
215	2024-04-09 00:00:00	ARKK	PINTEREST INC- CLASS A	PINS	72352L106	2923303	99333835.94	0.0136	6
216	2024-04-09 00:00:00	ARKK	TERADYNE INC	TER	880770102	884369	95352665.58	0.013	6
217	2024-04-09 00:00:00	ARKK	VERACYTE INC	VCYT	92337F107	4092328	84670266.32	0.0116	6
218	2024-04-09 00:00:00	ARKK	MODERNA INC	MRNA	60770K107	735676	77312190.84	0.0106	6
219	2024-04-09 00:00:00	ARKK	SOFI TECHNOLOGIES INC	SOFI	83406F102	9769888	75814330.88	0.0103	6
220	2024-04-09 00:00:00	ARKK	ARCHER AVIATION INC-A	ACHR	03945R102	17138923	73354590.44	0.01	6
221	2024-04-09 00:00:00	ARKK	PACIFIC BIOSCIENCES OF CALIF	PACB	69404D108	19546020	67433769.00	0.0092	6
222	2024-04-09 00:00:00	ARKK	VERVE THERAPEUTICS INC	VERV	92539P101	2887943	24258721.20	0.0033	6
223	2024-04-09 00:00:00	ARKK	CERUS CORP	CERS	157085101	11827503	22472255.70	0.0031	6
224	2024-04-09 00:00:00	ARKK	NATERA INC	NTRA	632307104	186907	17836535.01	0.0024	6
225	2024-04-09 00:00:00	ARKK	PRIME MEDICINE INC	PRME	74168J101	2587784	15785482.40	0.0022	6
226	2024-04-09 00:00:00	ARKK	GOLDMAN FS TRSY OBLIG INST 468		X9USDGSFT	6502625	6502625.08	0.0009	6
227	2024-04-09 00:00:00	ARKK	2U INC	TWOU	90214J101	5763777	2046717.21	0.0003	6
228	2024-04-09 00:00:00	ARKK	TWILIO INC - A	TWLO	90138F102	456	27939.12	0.00	6
229	2024-04-23 00:00:00	ARKK	TESLA INC	TSLA	88160R101	4247649	603378540.45	0.0951	7
230	2024-04-23 00:00:00	ARKK	COINBASE GLOBAL INC -CLASS A	COIN	19260Q107	2632888	594664083.68	0.0937	7
231	2024-04-23 00:00:00	ARKK	ROKU INC	ROKU	77543R102	8950327	524220652.39	0.0826	7
232	2024-04-23 00:00:00	ARKK	BLOCK INC	SQ	852234103	6177553	442312794.80	0.0697	7
233	2024-04-23 00:00:00	ARKK	UIPATH INC - CLASS A	PATH	90364P105	19106053	360913341.17	0.0569	7
234	2024-04-23 00:00:00	ARKK	CRISPR THERAPEUTICS AG	CRSP	H17182108	5602394	311829250.04	0.0491	7
235	2024-04-23 00:00:00	ARKK	ROBLOX CORP -CLASS A	RBLX	771049103	8115138	283705224.48	0.0447	7
236	2024-04-23 00:00:00	ARKK	ZOOM VIDEO COMMUNICATIONS-A	ZM	98980L101	4527418	269562467.72	0.0425	7
237	2024-04-23 00:00:00	ARKK	ROBINHOOD MARKETS INC - A	HOOD	770700102	15533976	267029047.44	0.0421	7
238	2024-04-23 00:00:00	ARKK	UNITY SOFTWARE INC	U	91332U101	9215727	210947991.03	0.0332	7
239	2024-04-23 00:00:00	ARKK	SHOPIFY INC - CLASS A	SHOP	82509L107	2724064	192182715.20	0.0303	7
240	2024-04-23 00:00:00	ARKK	PALANTIR TECHNOLOGIES INC-A	PLTR	69608A108	8725613	182976104.61	0.0288	7
241	2024-04-23 00:00:00	ARKK	DRAFTKINGS INC-CL A	DKNG UW	26142V105	4069905	165034647.75	0.026	7
242	2024-04-23 00:00:00	ARKK	INTELLIA THERAPEUTICS INC	NTLA	45826J105	7443466	162490862.78	0.0256	7
243	2024-04-23 00:00:00	ARKK	PAGERDUTY INC	PD	69553P100	7110306	144552520.98	0.0228	7
244	2024-04-23 00:00:00	ARKK	TELADOC HEALTH INC	TDOC	87918A105	10137302	134826116.60	0.0212	7
245	2024-04-23 00:00:00	ARKK	BEAM THERAPEUTICS INC	BEAM	07373V105	5433980	130958918.00	0.0206	7
246	2024-04-23 00:00:00	ARKK	10X GENOMICS INC-CLASS A	TXG	88025U109	4592505	127671639.00	0.0201	7
247	2024-04-23 00:00:00	ARKK	META PLATFORMS INC-CLASS A	META	30303M102	254712	122702411.76	0.0193	7
248	2024-04-23 00:00:00	ARKK	TRADE DESK INC/THE -CLASS A	TTD	88339J105	1472256	114600407.04	0.0181	7
249	2024-04-23 00:00:00	ARKK	TWIST BIOSCIENCE CORP	TWST	90184D100	3834126	112915010.70	0.0178	7
250	2024-04-23 00:00:00	ARKK	RECURSION PHARMACEUTICALS-A	RXRX	75629V104	14790716	112409441.60	0.0177	7
251	2024-04-23 00:00:00	ARKK	GINKGO BIOWORKS HOLDINGS INC	DNA	37611X100	119130092	100402841.54	0.0158	7
252	2024-04-23 00:00:00	ARKK	EXACT SCIENCES CORP	EXAS	30063P105	1586275	98999422.75	0.0156	7
253	2024-04-23 00:00:00	ARKK	PINTEREST INC- CLASS A	PINS	72352L106	2854208	93418227.84	0.0147	7
254	2024-04-23 00:00:00	ARKK	TERADYNE INC	TER	880770102	863489	84414684.64	0.0133	7
255	2024-04-23 00:00:00	ARKK	VERACYTE INC	VCYT	92337F107	3995632	79313295.20	0.0125	7
256	2024-04-23 00:00:00	ARKK	MODERNA INC	MRNA	60770K107	718278	75031319.88	0.0118	7
257	2024-04-23 00:00:00	ARKK	SOFI TECHNOLOGIES INC	SOFI	83406F102	9539056	69158156.00	0.0109	7
258	2024-04-23 00:00:00	ARKK	ARCHER AVIATION INC-A	ACHR	03945R102	16734027	65764726.11	0.0104	7
259	2024-04-23 00:00:00	ARKK	PACIFIC BIOSCIENCES OF CALIF	PACB	69404D108	19608964	30589983.84	0.0048	7
260	2024-04-23 00:00:00	ARKK	VERVE THERAPEUTICS INC	VERV	92539P101	2819687	19484037.17	0.0031	7
261	2024-04-23 00:00:00	ARKK	CERUS CORP	CERS	157085101	11548079	19516253.51	0.0031	7
262	2024-04-23 00:00:00	ARKK	NATERA INC	NTRA	632307104	182487	16170173.07	0.0025	7
263	2024-04-23 00:00:00	ARKK	PRIME MEDICINE INC	PRME	74168J101	2526597	12077133.66	0.0019	7
264	2024-04-23 00:00:00	ARKK	GOLDMAN FS TRSY OBLIG INST 468		X9USDGSFT	7471825	7471824.59	0.0012	7
265	2024-04-23 00:00:00	ARKK	2U INC	TWOU	90214J101	4665314	1163062.78	0.0002	7
\.


--
-- Data for Name: HoldingSnapshots; Type: TABLE DATA; Schema: public; Owner: stock-automation
--

COPY public."HoldingSnapshots" ("Id", "DownloadedAt") FROM stdin;
5	2024-04-05 00:00:00
6	2024-04-09 00:00:00
7	2024-04-23 00:00:00
13	2024-04-28 17:02:15.141894
18	2024-05-01 20:57:26.601825
\.


--
-- Data for Name: Subscribers; Type: TABLE DATA; Schema: public; Owner: stock-automation
--

COPY public."Subscribers" ("Id", "EmailAddress") FROM stdin;
2	roman.mariancik@gmail.com
3	skvarlamatus@gmail.com
7	ninarybarova29@gmail.com
27	xmalost@fi.muni.cz
\.


--
-- Data for Name: __EFMigrationsHistory; Type: TABLE DATA; Schema: public; Owner: stock-automation
--

COPY public."__EFMigrationsHistory" ("MigrationId", "ProductVersion") FROM stdin;
20240421091900_Initial	8.0.4
20240427164036_snapshots	8.0.4
20240427170719_AddedOutputFormat	8.0.4
20240427171401_index	8.0.4
20240427171946_NullableDownloadURL	8.0.4
20240427185054_newsnapshots	8.0.4
20240427185536_newSnapshot_final	8.0.4
20240427224744_configurationUpdate	8.0.4
20240427230346_configurationUpdate2	8.0.4
20240428145837_RemovedSnapshotDir	8.0.4
20240501193232_RemovedDownloadUrl	8.0.4
\.


--
-- Name: Configurations_Id_seq; Type: SEQUENCE SET; Schema: public; Owner: stock-automation
--

SELECT pg_catalog.setval('public."Configurations_Id_seq"', 6, true);


--
-- Name: HoldingSnapshotLines_Id_seq; Type: SEQUENCE SET; Schema: public; Owner: stock-automation
--

SELECT pg_catalog.setval('public."HoldingSnapshotLines_Id_seq"', 1079, true);


--
-- Name: HoldingSnapshots_Id_seq; Type: SEQUENCE SET; Schema: public; Owner: stock-automation
--

SELECT pg_catalog.setval('public."HoldingSnapshots_Id_seq"', 29, true);


--
-- Name: Subscribers_Id_seq; Type: SEQUENCE SET; Schema: public; Owner: stock-automation
--

SELECT pg_catalog.setval('public."Subscribers_Id_seq"', 40, true);


--
-- Name: Configurations PK_Configurations; Type: CONSTRAINT; Schema: public; Owner: stock-automation
--

ALTER TABLE ONLY public."Configurations"
    ADD CONSTRAINT "PK_Configurations" PRIMARY KEY ("Id");


--
-- Name: HoldingSnapshotLines PK_HoldingSnapshotLines; Type: CONSTRAINT; Schema: public; Owner: stock-automation
--

ALTER TABLE ONLY public."HoldingSnapshotLines"
    ADD CONSTRAINT "PK_HoldingSnapshotLines" PRIMARY KEY ("Id");


--
-- Name: HoldingSnapshots PK_HoldingSnapshots; Type: CONSTRAINT; Schema: public; Owner: stock-automation
--

ALTER TABLE ONLY public."HoldingSnapshots"
    ADD CONSTRAINT "PK_HoldingSnapshots" PRIMARY KEY ("Id");


--
-- Name: Subscribers PK_Subscribers; Type: CONSTRAINT; Schema: public; Owner: stock-automation
--

ALTER TABLE ONLY public."Subscribers"
    ADD CONSTRAINT "PK_Subscribers" PRIMARY KEY ("Id");


--
-- Name: __EFMigrationsHistory PK___EFMigrationsHistory; Type: CONSTRAINT; Schema: public; Owner: stock-automation
--

ALTER TABLE ONLY public."__EFMigrationsHistory"
    ADD CONSTRAINT "PK___EFMigrationsHistory" PRIMARY KEY ("MigrationId");


--
-- Name: IX_HoldingSnapshotLines_HoldingSnapshotId; Type: INDEX; Schema: public; Owner: stock-automation
--

CREATE INDEX "IX_HoldingSnapshotLines_HoldingSnapshotId" ON public."HoldingSnapshotLines" USING btree ("HoldingSnapshotId");


--
-- Name: IX_HoldingSnapshots_DownloadedAt; Type: INDEX; Schema: public; Owner: stock-automation
--

CREATE INDEX "IX_HoldingSnapshots_DownloadedAt" ON public."HoldingSnapshots" USING btree ("DownloadedAt");


--
-- Name: HoldingSnapshotLines FK_HoldingSnapshotLines_HoldingSnapshots_HoldingSnapshotId; Type: FK CONSTRAINT; Schema: public; Owner: stock-automation
--

ALTER TABLE ONLY public."HoldingSnapshotLines"
    ADD CONSTRAINT "FK_HoldingSnapshotLines_HoldingSnapshots_HoldingSnapshotId" FOREIGN KEY ("HoldingSnapshotId") REFERENCES public."HoldingSnapshots"("Id") ON DELETE CASCADE;


--
-- PostgreSQL database dump complete
--

